7bd932ffa2e9b359cb0544615973d149;C:\Windows\System32\at.exe;24064;1
3ca2bb895e204478c7a4c9baf70970ce;C:\Windows\System32\AtBroker.exe;29184;0
459a5755afbb1cb3e67ca4c1296599e3;C:\Windows\System32\attrib.exe;16384;0
670205944b0f9d4fe47b86d7f6cc0a16;C:\Windows\System32\auditpol.exe;50176;0
f88a52eb62019d6a62fdd9e08034dbd8;C:\Windows\System32\autochk.exe;668160;0
3ca2bb895e204478c7a4c9baf70970ce;C:\Windows\System32\autoconv.exe;679424;1
3ca2bb895e204478c7a4c9baf70970ce;C:\Windows\System32\autofmt.exe;658944;1
0920b14aa67a8b04acf48ffe7c6f0927;C:\Windows\System32\bitsadmin.exe;186368;0
ba4e1a60bd20ca7978c76d79f19e37f0;C:\Windows\System32\DisplaySwitch.exe;522752;0
a63dc5c2ea944e6657203e0c8edeaf61;C:\Windows\System32\dllhost.exe;7168;0
